<?xml version="1.0" encoding="UTF-8"?>
<project-private xmlns="http://www.netbeans.org/ns/project-private/1">
    <editor-bookmarks xmlns="http://www.netbeans.org/ns/editor-bookmarks/2" lastBookmarkId="0"/>
    <open-files xmlns="http://www.netbeans.org/ns/projectui-open-files/2">
        <group>
            <file>file:/C:/Users/ASUS/OneDrive/Documents/NetBeansProjects/itpproject/src/itpproject/db.java</file>
            <file>file:/C:/Users/ASUS/OneDrive/Documents/NetBeansProjects/itpproject/src/itpproject/Second.java</file>
            <file>file:/C:/Users/ASUS/OneDrive/Documents/NetBeansProjects/itpproject/src/itpproject/First.java</file>
            <file>file:/C:/Users/ASUS/OneDrive/Documents/NetBeansProjects/itpproject/src/itpproject/Fourth.java</file>
            <file>file:/C:/Users/ASUS/OneDrive/Documents/NetBeansProjects/itpproject/src/itpproject/Seventh.java</file>
            <file>file:/C:/Users/ASUS/OneDrive/Documents/NetBeansProjects/itpproject/src/itpproject/Fifth.java</file>
            <file>file:/C:/Users/ASUS/OneDrive/Documents/NetBeansProjects/itpproject/src/itpproject/Sixth.java</file>
            <file>file:/C:/Users/ASUS/OneDrive/Documents/NetBeansProjects/itpproject/src/itpproject/Itpproject.java</file>
            <file>file:/C:/Users/ASUS/OneDrive/Documents/NetBeansProjects/itpproject/src/itpproject/Third.java</file>
            <file>file:/C:/Users/ASUS/OneDrive/Documents/NetBeansProjects/itpproject/src/itpproject/home.java</file>
        </group>
    </open-files>
</project-private>
