<?xml version="1.0" encoding="UTF-8"?>
<project-private xmlns="http://www.netbeans.org/ns/project-private/1">
    <editor-bookmarks xmlns="http://www.netbeans.org/ns/editor-bookmarks/2" lastBookmarkId="1">
        <file>
            <url>src/wms/Add_Return.java</url>
            <bookmark id="1">
                <name/>
                <line>37</line>
                <key/>
            </bookmark>
        </file>
    </editor-bookmarks>
    <open-files xmlns="http://www.netbeans.org/ns/projectui-open-files/2">
        <group>
            <file>file:/D:/project/ITP%20Project/WMS/src/wms/Home.java</file>
            <file>file:/D:/project/ITP%20Project/WMS/src/wms/View_Picking.java</file>
            <file>file:/D:/project/ITP%20Project/WMS/src/wms/Edit_Stock.java</file>
            <file>file:/D:/project/ITP%20Project/WMS/src/wms/View_Stock.java</file>
            <file>file:/D:/project/ITP%20Project/WMS/src/wms/Add_Stock.java</file>
        </group>
    </open-files>
</project-private>
